conflict,title,source,url,publish_date,population
Ukraine,"Russia launches rare daytime drone attack on Ukraine, killing four, Ukrainian officials say",reuters.com,https://www.reuters.com/world/europe/russia-launches-rare-daytime-drone-attack-ukraine-killing-four-ukrainian-2026-04-01/,2026-04-01,white
Ukraine,Russia says its troops have taken full control of Luhansk region in eastern Ukraine,reuters.com,https://www.reuters.com/business/aerospace-defense/russia-says-its-troops-have-taken-full-control-luhansk-region-eastern-ukraine-2026-04-01/,2026-04-01,white
Ukraine,Russia says it will respond if Ukraine uses foreign airspace to attack its Baltic ports,reuters.com,https://www.reuters.com/world/europe/russia-says-it-will-respond-if-ukraine-uses-foreign-airspace-attack-its-baltic-2026-03-31/,2026-03-31,white
Ukraine,"Drone arms race transforms war in Ukraine, with U.S. now learning lessons",cbsnews.com,https://www.cbsnews.com/video/drones-transform-warfare-60-minutes-video-2026-03-29/,2026-03-29,white
Ukraine,Ukraine uses drone innovation to help level battlefield in war with Russia,cbsnews.com,https://www.cbsnews.com/news/ukraine-drone-innovation-helps-level-battlefield-war-with-russia-60-minutes-transcript/,2026-03-29,white
Ukraine,"Three dead in Russian attack on Kramatorsk in eastern Ukraine, police say",reuters.com,https://www.reuters.com/world/three-dead-russian-attack-kramatorsk-eastern-ukraine-police-say-2026-03-29/,2026-03-29,white
Ukraine,Ukraine battles a brutal Russian offensive as Iran war takes the world's focus,nbcnews.com,https://www.nbcnews.com/world/ukraine/ukraine-battles-brutal-russian-offensive-iran-war-focus-rcna265068,2026-03-29,white
Ukraine,"Russia is sending upgraded drones used in the Ukraine war to Iran, officials say",apnews.com,https://apnews.com/article/russia-iran-drones-shahed-war-israel-ukraine-840b4f885d99714bdb7813c0d56213cf,2026-03-27,white
Ukraine,"Putin asks oligarchs to donate to Russia's budget as cost of Ukraine war soars, The Bell media reports",reuters.com,https://www.reuters.com/world/putin-asks-oligarchs-donate-russias-budget-cost-ukraine-war-soars-bell-media-2026-03-27/,2026-03-27,white
Ukraine,How drones being used in the Russia-Ukraine war are similar to those in Iran war,cbsnews.com,https://www.cbsnews.com/video/how-drones-being-used-in-the-russia-ukraine-war-are-similar-to-those-in-iran-war/,2026-03-26,white
Ukraine,Zimbabwe says 15 nationals killed fighting for Russia in Ukraine war,bbc.com,https://www.bbc.com/news/articles/clyxevz45x9o,2026-03-26,white
Ukraine,Zimbabwe says 15 nationals killed fighting for Russia in Ukraine war,bbc.com,https://www.bbc.com/news/articles/clyxevz45x9o?at_medium=RSS&at_campaign=rss,2026-03-26,white
Ukraine,Iran war deflects attention from Ukraine as an emboldened Russia starts spring offensive,apnews.com,https://apnews.com/article/russia-ukraine-war-offensive-drones-c9976319f077c743317edec8a20f57f3,2026-03-26,white
Ukraine,Zimbabwe says 15 of its citizens killed after fraudulent recruitment into Russia-Ukraine war,apnews.com,https://apnews.com/article/zimbabwe-russia-ukraine-war-recruitment-78529d023b34e099bcbbaae10e9e306d,2026-03-25,white
Ukraine,Russia Launches Large Daytime Attack on Ukraine,nytimes.com,https://www.nytimes.com/video/world/europe/100000010800147/russia-strikes-lviv-ukraine-war-drones.html,2026-03-25,white
Ukraine,Estonia and Latvia say Russian drones hit their NATO territory amid huge attack on Ukraine,cbsnews.com,https://www.cbsnews.com/news/russia-ukraine-war-drone-attack-estonia-latvia-drones-hit-nato-territory/,2026-03-25,white
Ukraine,"At least five killed in massive wave of Russian strikes across Ukraine, officials say",bbc.com,https://www.bbc.com/news/articles/c87wxvn0z3vo,2026-03-24,white
Ukraine,Russia launches 948 drones at Ukraine in largest attack over a 24-hour period,bbc.com,https://www.bbc.com/news/articles/cz90gpyw90wo,2026-03-24,white
Ukraine,"Russia launches massive drone attack across Ukraine, damaging 17th-century church",cbsnews.com,https://www.cbsnews.com/video/russia-massive-drone-attack-ukraine-damaging-17th-century-church/,2026-03-24,white
Ukraine,Russia launches 948 drones at Ukraine in largest attack over a 24-hour period,bbc.com,https://www.bbc.com/news/articles/cz90gpyw90wo?at_medium=RSS&at_campaign=rss,2026-03-24,white
Ukraine,"Russia launches over 400 drones at Ukraine in rare daytime attack, air force says",reuters.com,https://www.reuters.com/world/europe/russia-launches-over-400-drones-ukraine-rare-daytime-attack-air-force-says-2026-03-24/,2026-03-24,white
Ukraine,"At least five killed in massive wave of Russian strikes across Ukraine, officials say",bbc.com,https://www.bbc.com/news/articles/c87wxvn0z3vo?at_medium=RSS&at_campaign=rss,2026-03-24,white
Ukraine,Austria's OMV CEO says energy impact of Iran war could surpass Ukraine conflict,reuters.com,https://www.reuters.com/business/energy/ceraweek-austrias-omv-ceo-says-energy-impact-iran-war-could-surpass-ukraine-2026-03-23/,2026-03-23,white
Ukraine,"Trump says Ukraine war depleted U.S. weapons stockpiles, but as Iran takes that mantle, Kyiv sees opportunities",cbsnews.com,https://www.cbsnews.com/news/trump-ukraine-iran-war-us-weapons-stockpiles-kyiv-sees-opportunities/,2026-03-23,white
Ukraine,4 killed as Russia and Ukraine trade attacks ahead of US talks,apnews.com,https://apnews.com/article/peace-talks-ukraine-russia-zelenskyy-drones-861a4bc4ebccd55aa00715917d060036,2026-03-21,white
Ukraine,Ukraine says talks on resolving war to continue in US on Sunday,reuters.com,https://www.reuters.com/world/ukraine-says-talks-resolving-war-continue-us-sunday-2026-03-21/,2026-03-21,white
Ukraine,"Russian drone attack kills two in Ukraine ahead of talks in US, officials say",bbc.com,https://www.bbc.com/news/articles/crl18nwjzzzo,2026-03-21,white
Ukraine,"Russian drone attack kills two in Ukraine ahead of talks in US, officials say",bbc.com,https://www.bbc.com/news/articles/crl18nwjzzzo?at_medium=RSS&at_campaign=rss,2026-03-21,white
Ukraine,Ukraine faces growing pressure because of the war in Iran as Russia readies a new offensive,apnews.com,https://apnews.com/article/russia-ukraine-iran-war-putin-trump-zelenskyy-2b863bc22e97006846e7351e19401f9f,2026-03-20,white
Ukraine,European Union summit will focus on Iran war and a loan to Ukraine blocked by Hungary,apnews.com,https://apnews.com/article/european-union-summit-iran-war-ukraine-loan-014cc7de7f00a52c272c07937117db51,2026-03-19,white
Ukraine,"Ukraine peace talks paused amid Iran war, Russia's Izvestia says",reuters.com,https://www.reuters.com/world/europe/ukraine-peace-talks-paused-amid-iran-war-russias-izvestia-says-2026-03-19/,2026-03-19,white
Ukraine,Sean Penn gifted 'Iron Oscar' made of war-damaged train in Ukraine,usatoday.com,https://www.usatoday.com/story/entertainment/movies/oscars/2026/03/18/sean-penn-iron-oscar-ukraine/89208156007/,2026-03-18,white
Ukraine,German general says oil price surge will be no game changer for Russia in Ukraine war,reuters.com,https://www.reuters.com/business/energy/german-general-says-oil-price-surge-will-be-no-game-changer-russia-ukraine-war-2026-03-18/,2026-03-18,white
Ukraine,"Army general left classified maps of Ukraine war on train, watchdog finds",cbsnews.com,https://www.cbsnews.com/news/major-general-antonio-aguto-ukraine-classified-maps-watchdog-report/,2026-03-17,white
Ukraine,Ukraine strings nets over cities as killer drones turn streets into war zones,npr.org,https://www.npr.org/2026/03/17/nx-s1-5743446/russia-ukraine-war-nets-drones,2026-03-17,white
Ukraine,Russia's invasion of Ukraine: Four years of devastation captured in photos,reuters.com,https://www.reuters.com/pictures/russias-invasion-ukraine-four-years-devastation-captured-photos-2026-02-23/,2026-02-23,white
Ukraine,‘Mr. Nobody Against Putin’ wins best documentary feature Oscar for teacher who opposed Ukraine war,apnews.com,https://apnews.com/article/best-documentary-2026-oscars-bf4320316a8e98285debfd6c2ce8b551,2026-03-16,white
Ukraine,"EU to impose sanctions on nine people for alleged war crimes in Ukraine, says French minister",reuters.com,https://www.reuters.com/world/eu-impose-sanctions-nine-people-alleged-war-crimes-ukraine-says-french-minister-2026-03-16/,2026-03-16,white
Ukraine,Ukraine worries about ‘losing the Americans’ as global attention shifts to the war in the Middle East,cnn.com,https://www.cnn.com/2026/03/15/europe/ukraine-zelensky-global-attention-middle-east-intl,2026-03-15,white
Ukraine,EU extends sanctions against people over Russia's war against Ukraine,reuters.com,https://www.reuters.com/world/eu-extends-sanctions-against-people-over-russias-war-against-ukraine-2026-03-14/,2026-03-14,white
Ukraine,Four killed in Russian air attack on Ukraine,reuters.com,https://www.reuters.com/world/four-killed-russian-air-attack-kyiv-region-officials-say-2026-03-14/,2026-03-14,white
Ukraine,Ukraine and allies fear easing Russian sanctions will prolong war,bbc.com,https://www.bbc.com/news/articles/c1d6l67122wo?at_medium=RSS&at_campaign=rss,2026-03-13,white
Ukraine,Ukraine and allies fear easing Russian sanctions will prolong war,bbc.com,https://www.bbc.com/news/articles/c1d6l67122wo,2026-03-13,white
Ukraine,Zelenskiy heads to France as Iran war distracts from Ukraine,reuters.com,https://www.reuters.com/business/aerospace-defense/zelenskiy-heads-france-iran-war-distracts-ukraine-2026-03-13/,2026-03-13,white
Ukraine,War in Ukraine spills into Hungarian election,bbc.com,https://www.bbc.com/news/articles/crm8rxwyyz8o,2026-03-12,white
Ukraine,"Russia's February oil and fuel exports lowest since start of Ukraine war, IEA says",reuters.com,https://www.reuters.com/business/energy/russias-oil-fuel-exports-revenue-hit-lowest-since-start-ukraine-conflict-iea-2026-03-12/,2026-03-12,white
Ukraine,War in Ukraine spills into Hungarian election,bbc.com,https://www.bbc.com/news/articles/crm8rxwyyz8o?at_medium=RSS&at_campaign=rss,2026-03-12,white
Ukraine,"Russia accuses Ukraine, Britain of 'terrorist attack' on border city",reuters.com,https://www.reuters.com/world/russia-accuses-ukraine-britain-terrorist-attack-border-city-2026-03-11/,2026-03-11,white
Ukraine,"Four years in, war in Ukraine grinds on. Is that what Russians want?",npr.org,https://www.npr.org/2026/03/10/nx-s1-5743953/four-years-in-war-in-ukraine-grinds-on-is-that-what-russians-want,2026-03-10,white
Ukraine,What four years of war in Ukraine looks like from Russia,npr.org,https://www.npr.org/2026/03/10/nx-s1-5743971/what-four-years-of-war-in-ukraine-looks-like-from-russia,2026-03-10,white
Ukraine,Trump’s strike on Iran deals a major blow to Putin’s war machine in Ukraine,foxnews.com,https://www.foxnews.com/opinion/trumps-strike-iran-deals-major-blow-putins-war-machine-ukraine,2026-03-06,white
Ukraine,Armed robots take to the battlefield in Ukraine war,bbc.com,https://www.bbc.com/news/articles/c62662gzlp8o,2026-03-07,white
Ukraine,Armed robots take to the battlefield in Ukraine war,bbc.com,https://www.bbc.com/news/articles/c62662gzlp8o?at_medium=RSS&at_campaign=rss,2026-03-07,white
Ukraine,"U.S. turns to Ukraine for drone defense expertise in Iran war, but solutions may take time",cbsnews.com,https://www.cbsnews.com/news/us-ukraine-drone-defense-expertise-iran-war/,2026-03-06,white
Ukraine,Families of Kenyan recruits duped into fighting in Russia's war on Ukraine demand their sons return,apnews.com,https://apnews.com/article/kenya-russia-recruits-ukraine-war-10ca4bc12170ef69eca5976e96a7b39f,2026-03-05,white
Ukraine,Rising energy prices from the Iran war could help Russia pay for fighting in Ukraine,apnews.com,https://apnews.com/article/iran-war-oil-gas-lng-russia-ukraine-b43d87b37c4a3b29a12198e055786f51,2026-03-04,white
Ukraine,Zelensky fears Trump's Iran war could hurt Ukraine,bbc.com,https://www.bbc.com/news/articles/clyv10dre79o?at_medium=RSS&at_campaign=rss,2026-03-03,white
Ukraine,Zelensky fears Trump's Iran war could hurt Ukraine,bbc.com,https://www.bbc.com/news/articles/clyv10dre79o,2026-03-03,white
Ukraine,Trump's Iran attack rattles Russian hardliners who call for Putin to double down on war in Ukraine,reuters.com,https://www.reuters.com/world/europe/trumps-iran-attack-rattles-russian-hardliners-who-call-putin-double-down-war-2026-03-03/,2026-03-03,white
Ukraine,Cornwall service marks fourth anniversary of Ukraine war,bbc.com,https://www.bbc.com/news/articles/c78jvd7222ro,2026-03-02,white
Ukraine,Bradford art project highlights plight of children during Ukraine war,bbc.com,https://www.bbc.com/news/articles/c20ze7dpdwdo,2026-02-28,white
Ukraine,"At least 55 Ghanaians killed fighting for Russia in Ukraine war, minister says",apnews.com,https://apnews.com/article/ghana-russia-ukraine-fighters-war-f77465f7c2c1d4f6749557a60ccf9046,2026-02-27,white
Ukraine,"Ukraine war has claimed lives of 55 Ghanaians, foreign minister says",reuters.com,https://www.reuters.com/world/africa/ukraine-war-has-claimed-lives-55-ghanaians-foreign-minister-says-2026-02-27/,2026-02-27,white
Ukraine,"At least 55 Ghanaians killed in Russia-Ukraine war, Minister Samuel Okudzeto Ablakwa says",bbc.com,https://www.bbc.com/news/articles/cgl5gxg3zj9o,2026-02-27,white
Ukraine,"Affected by the war in Ukraine, Germany works to recover its economy",npr.org,https://www.npr.org/2026/02/27/nx-s1-5722866/affected-by-the-war-in-ukraine-germany-works-to-recover-its-economy,2026-02-27,white
Ukraine,"At least 55 Ghanaians killed in Russia-Ukraine war, Minister Samuel Okudzeto Ablakwa says",bbc.com,https://www.bbc.com/news/articles/cgl5gxg3zj9o?at_medium=RSS&at_campaign=rss,2026-02-27,white
Ukraine,A team of midlife cheerleaders in Ukraine refuses to let war defeat them,npr.org,https://www.npr.org/2026/02/27/nx-s1-5712284/russia-ukraine-war-midlife-women-cheerleading,2026-02-27,white
Ukraine,"U.S., Ukraine discuss post-war reconstruction as Russia pummels grid",nbcnews.com,https://www.nbcnews.com/world/ukraine/us-ukraine-discuss-post-war-reconstruction-russia-pummels-grid-rcna260778,2026-02-26,white
Ukraine,Prisoners of war: Ghana appeal to Ukraine to release two citizens in captivity as POW,bbc.com,https://www.bbc.com/pidgin/articles/cwy8wevpn3lo,2026-02-26,white
Ukraine,Ukraine community meets in Northampton to mark 'unbelievable' war,bbc.com,https://www.bbc.com/news/articles/c98g7k24l8wo,2026-02-25,white
Ukraine,Russia Launches Major Attack Hours Before U.S.-Ukraine Talks,nytimes.com,https://www.nytimes.com/video/world/europe/100000010739658/russia-drone-attack-ukraine-us-negotiation.html,2026-02-26,white
Ukraine,Ukraine says Russia launched a major aerial attack before Kyiv's talks with US,apnews.com,https://apnews.com/article/russia-ukraine-war-us-talks-geneva-attack-74adada5f3cf9f56423d6c15100a6dbc,2026-02-26,white
Ukraine,"S.Africa deaths, Kenya court case show citizens drawn into Ukraine war",reuters.com,https://www.reuters.com/world/africa/kenyan-court-charges-man-with-recruiting-people-fight-russia-2026-02-26/,2026-02-26,white
Ukraine,"Russia signals no rush for a deal to end Ukraine war and ""no deadlines"" as Trump pushes for a ceasefire",cbsnews.com,https://www.cbsnews.com/news/russia-ukraine-war-no-rush-for-peace-moscow-says-despite-trump-push/,2026-02-26,white
Ukraine,"Russia says sending British troops to Ukraine would prolong war, not end it",reuters.com,https://www.reuters.com/world/europe/russia-says-sending-british-troops-ukraine-would-prolong-war-not-end-it-2026-02-26/,2026-02-26,white
Ukraine,Kenyan police arrest man accused of recruiting fighters for Russia's war in Ukraine,apnews.com,https://apnews.com/article/kenya-russia-recruits-fighting-ukraine-war-f373f0f715a259f58ce8acfae08e1db3,2026-02-26,white
Ukraine,"US, Ukraine to discuss post-war reconstruction at Geneva talks",reuters.com,https://www.reuters.com/world/europe/us-ukraine-discuss-post-war-reconstruction-geneva-talks-2026-02-26/,2026-02-26,white
Ukraine,"Latvian Foreign Minister Baiba Braže says ""Russia is not winning"" war with Ukraine",cbsnews.com,https://www.cbsnews.com/video/latvian-foreign-minister-baiba-braze-russia-not-winning-war-ukraine/,2026-02-25,white
Ukraine,"After four years of war in Ukraine, how does each side see the conflict?",npr.org,https://www.npr.org/2026/02/24/nx-s1-5725396/after-four-years-of-war-in-ukraine-how-does-each-side-see-the-conflict,2026-02-24,white
Ukraine,Baltimore's lifeline to Ukraine as war rages 4 years after Russian invasion,cbsnews.com,https://www.cbsnews.com/baltimore/news/baltimores-partnership-odesa-ukraine-hope-four-years-war/,2026-02-24,white
Ukraine,Ukraine to meet Trump envoys ahead of high-stakes Geneva talks with Russia as war enters fifth year,foxnews.com,https://www.foxnews.com/world/ukraine-meet-trump-envoys-ahead-high-stakes-geneva-talks-russia-war-enters-fifth-year,2026-02-25,white
Ukraine,"Baltimore's ties with Odesa, Ukraine provides lifeline four years into war",cbsnews.com,https://www.cbsnews.com/baltimore/video/baltimores-ties-with-odesa-ukraine-provides-lifeline-four-years-into-war/,2026-02-24,white
Ukraine,Ukrainians in Chicago reflect on 4 years since Russia's invasion of Ukraine,cbsnews.com,https://www.cbsnews.com/chicago/news/chicago-russia-ukraine/,2026-02-24,white
Ukraine,Ukrainians in Chicago reflect on Russia's invasion on Ukraine 4 years later,cbsnews.com,https://www.cbsnews.com/chicago/video/ukrainians-in-chicago-reflect-on-russias-invasion-on-ukraine-4-years-later/,2026-02-24,white
Ukraine,"Baltimore's partnership with Odesa, Ukraine provides hope four years into war",cbsnews.com,https://www.cbsnews.com/baltimore/video/baltimores-partnership-with-odesa-ukraine-provides-hope-four-years-into-war/,2026-02-24,white
Ukraine,An interactive map of 4 years of war in Ukraine,apnews.com,https://apnews.com/article/russia-ukraine-war-ukraine-vladimir-putin-0000019c8ad8dd59afffcadd1e100000,2026-02-24,white
Ukraine,"Ukraine War: 'We love NI but miss our old lives,' pupils say",bbc.com,https://www.bbc.com/news/articles/c78xzqll771o?at_medium=RSS&at_campaign=rss,2026-02-24,white
Ukraine,Ramaphosa thanks Putin for release of South Africans lured into Russia-Ukraine war,bbc.com,https://www.bbc.com/news/articles/c2d1j7klzpgo?at_medium=RSS&at_campaign=rss,2026-02-24,white
Ukraine,Former U.S. ambassador to Ukraine reflects on 4th anniversary of war with Russia,npr.org,https://www.npr.org/2026/02/24/nx-s1-5724010/former-u-s-ambassador-to-ukraine-reflects-on-4th-anniversary-of-war-with-russia,2026-02-24,white
Ukraine,War in Ukraine enters year 5,cbsnews.com,https://www.cbsnews.com/chicago/video/war-in-ukraine-enters-year-5/,2026-02-24,white
Ukraine,UN chief calls Ukraine war 'a stain on our collective conscience',reuters.com,https://www.reuters.com/world/europe/un-chief-calls-ukraine-war-a-stain-our-collective-conscience-2026-02-24/,2026-02-24,white
Ukraine,"Life in Ukraine, after 4 years of war",npr.org,https://www.npr.org/2026/02/24/nx-s1-5725295/life-in-ukraine-after-4-years-of-war,2026-02-24,white
Ukraine,Ukraine Marks Fourth Year of War With Russia With Moment of Silence,nytimes.com,https://www.nytimes.com/video/world/europe/100000010733027/ukraine-russia-war-four-years.html,2026-02-24,white
Ukraine,"Anniversary of war in Ukraine is a recognition of resilience, says Ukrainian journalist",cnn.com,https://www.cnn.com/2026/02/24/tv/video/amanpour-gumenyuk,2026-02-24,white
Ukraine,"UNICEF: 3,200 children killed or injured in Ukraine since Feb. 2022",cnn.com,https://www.cnn.com/2026/02/24/world/video/ukraine-war-unicef-mammadzade-intv-ctw-022410aseg2-cnni-world-fast,2026-02-24,white
Ukraine,Ukraine marks four years since Russia’s full-scale invasion,cnn.com,https://www.cnn.com/2026/02/24/world/video/ukraine-war-anniversary-oleksiy-sorokin-intv-022411aseg1-cnni-world-fast,2026-02-24,white
Ukraine,Ukraine remembers its dead as war enters a fifth year,bbc.com,https://www.bbc.com/news/articles/clyg7r3nd3ko?at_medium=RSS&at_campaign=rss,2026-02-24,white
Ukraine,Zelenskyy marks four years since Russia’s invasion of Ukraine,nbcnews.com,https://www.nbcnews.com/video/zelenskyy-marks-four-years-since-russia-s-invasion-of-ukraine-258185797832,2026-02-24,white
Ukraine,UN says Ukraine cannot be divided on invasion anniversary,reuters.com,https://www.reuters.com/world/states-condemn-russian-violations-un-meeting-ukraine-2026-02-24/,2026-02-24,white
Ukraine,Leaders of G7 reaffirm unwavering support for Ukraine on war anniversary,reuters.com,https://www.reuters.com/world/europe/leaders-g7-reaffirm-unwavering-support-ukraine-war-anniversary-2026-02-24/,2026-02-24,white
Palestine,Premature babies who escaped war in Gaza finally reunited with families after more than 2 years,cbsnews.com,https://www.cbsnews.com/news/gaza-premature-babies-al-shifa-hospital-reunited-families-after-2-years/,2026-03-31,poc
Palestine,UNRWA head seeks investigation into killing of staff in Gaza war,reuters.com,https://www.reuters.com/world/middle-east/unrwa-head-seeks-investigation-into-killing-staff-gaza-war-2026-03-31/,2026-03-31,poc
Palestine,A provocative new film takes a hard look at Israeli life during the Gaza war,npr.org,https://www.npr.org/2026/03/27/nx-s1-5716956/a-provocative-new-film-takes-a-hard-look-at-israeli-life-during-the-gaza-war,2026-03-27,poc
Palestine,Israeli settlers smash cars and set fires in the West Bank as 4 Palestinians are killed in Gaza,nbcnews.com,https://www.nbcnews.com/world/middle-east/israeli-settlers-smash-cars-set-fires-west-bank-4-palestinians-killed-rcna264692,2026-03-23,poc
Palestine,"Analysts say Gaza 'civilian' deaths include Hamas, other terror members working as medics, media workers",foxnews.com,https://www.foxnews.com/world/analysts-say-gaza-civilian-deaths-include-hamas-other-terror-members-working-medics-media-workers,2026-03-20,poc
Palestine,Israeli strike kills three people in Gaza as Iran war strains truce,reuters.com,https://www.reuters.com/world/middle-east/israeli-strike-kills-three-people-gaza-iran-war-strains-truce-2026-03-17/,2026-03-17,poc
Palestine,Hamas reasserts control in Gaza as Iran war dominates regional attention and global focus,foxnews.com,https://www.foxnews.com/world/hamas-reasserts-control-gaza-iran-war-dominates-regional-attention-global-focus,2026-03-16,poc
Palestine,Exclusive: Hamas holds talks with Trump-led board as Iran war strains Gaza plan,reuters.com,https://www.reuters.com/world/middle-east/hamas-holds-talks-with-trump-led-board-iran-war-strains-gaza-plan-2026-03-16/,2026-03-16,poc
Palestine,"Javier Bardem sports anti-war pin, says ‘free Palestine’ at Oscars",thehill.com,https://thehill.com/blogs/in-the-know/5785620-javier-bardem-oscar-anti-war/,2026-03-15,poc
Palestine,"Israeli strike kills 4 in Gaza, including 2 children and a pregnant woman, hospital officials say",nbcnews.com,https://www.nbcnews.com/world/gaza/hospital-officials-israeli-strike-killed-gaza-children-pregnant-woman-rcna263539,2026-03-15,poc
Palestine,"Hospital officials say Israeli strikes killed 12 in Gaza, including 2 children and a pregnant woman",apnews.com,https://apnews.com/article/gaza-israel-war-hamas-6b085df37d118091c442e29e481f0d91,2026-03-15,poc
Palestine,"Eight killed in an airstrike targeting police vehicle in Gaza, medics say",reuters.com,https://www.reuters.com/world/middle-east/eight-killed-an-airstrike-targeting-police-vehicle-gaza-medics-say-2026-03-15/,2026-03-15,poc
Palestine,Gaza suffers food shortages as Iran war escalates,nbcnews.com,https://www.nbcnews.com/video/shorts/gaza-suffers-food-shortages-as-iran-war-escalates-259251781671,2026-03-13,poc
Palestine,Israeli strike kills three in Gaza as regional offensives escalate,reuters.com,https://www.reuters.com/world/middle-east/israeli-strike-kills-three-gaza-regional-offensives-escalate-2026-03-13/,2026-03-13,poc
Palestine,"In Gaza, Palestinians feel forgotten as Iran war captures attention and ceasefire progress slows",nbcnews.com,https://www.nbcnews.com/world/middle-east/gaza-palestinians-iran-war-trump-ceasefire-israel-hamas-rcna262959,2026-03-13,poc
Palestine,Trump's peace plan for Gaza stalls as Iran war grinds on,npr.org,https://www.npr.org/2026/03/12/nx-s1-5745145/trumps-peace-plan-for-gaza-stalls-as-iran-war-grinds-on,2026-03-12,poc
Palestine,"While the war in Iran gets attention, what’s happening in Gaza?",npr.org,https://www.npr.org/2026/03/12/nx-s1-5746111/while-the-war-in-iran-gets-attention-whats-happening-in-gaza,2026-03-12,poc
Palestine,"Exclusive: Trump's Gaza plan on hold as Iran war pauses disarmament talks, sources say",reuters.com,https://www.reuters.com/world/middle-east/trumps-gaza-plan-hold-iran-war-pauses-disarmament-talks-sources-say-2026-03-09/,2026-03-09,poc
Palestine,"Israeli strike kills two Palestinians in a car in Gaza, medics say",reuters.com,https://www.reuters.com/world/middle-east/israeli-strike-kills-two-palestinians-car-gaza-medics-say-2026-03-08/,2026-03-08,poc
Palestine,Gaza fuel running short after Israel closes borders amid Iran war,reuters.com,https://www.reuters.com/world/middle-east/gaza-fuel-running-short-after-israel-closes-borders-amid-iran-war-2026-03-02/,2026-03-02,poc
Palestine,Ramadan brings a season of grief after an Israeli strike wiped out most of a Gaza family,apnews.com,https://apnews.com/article/gaza-war-israel-hamas-ramadan-16b327f3300eccb218dd6340bbb9410a,2026-02-28,poc
Palestine,Gaza factory protester says attack was 'lawful',bbc.com,https://www.bbc.com/news/articles/c78x1n61xw6o,2026-02-27,poc
Palestine,"Israeli strike kills 2 Palestinians in Gaza, health officials say, the latest deaths as truce stalls",apnews.com,https://apnews.com/article/israel-gaza-hamas-war-netanyahu-1bb1a68df1a35b2936a91ce0b5505d65,2026-02-26,poc
Palestine,Football returns to Gaza after two-year pause caused by war,cnn.com,https://www.cnn.com/2026/02/20/world/video/gaza-football-gaza-hope-mcfarlane-pkg-02201aseg1-cnni-world-fast,2026-02-20,poc
Palestine,"War-hammered Gaza needs basics like homes, roads and power. FIFA is offering a $50M soccer stadium",apnews.com,https://apnews.com/article/gaza-trump-fifa-board-of-peace-803fb5c148757873065cc86393175773,2026-02-19,poc
Palestine,"Eleven killed in Israeli strikes on Gaza, rescuers say",bbc.com,https://www.bbc.com/news/articles/c8r15eyvk2do?at_medium=RSS&at_campaign=rss,2026-02-15,poc
Palestine,Israeli president ends a fraught Australia visit to comfort Jews as Gaza war protests follow,apnews.com,https://apnews.com/article/australia-israel-president-herzog-melbourne-antisemitism-8729580864d4479a6d0bf065a8d4d475,2026-02-12,poc
Palestine,Ireland agrees to play Israel in Nations League despite previously calling for ban over Gaza war,foxnews.com,https://www.foxnews.com/sports/ireland-agrees-play-israel-nations-league-despite-previously-calling-ban-over-gaza-war,2026-02-12,poc
Palestine,Australia seeks charges over a 2024 Israeli airstrike in Gaza that killed an Australian aid worker,apnews.com,https://apnews.com/article/australia-israel-herzog-visit-canberra-president-86413c4417f93de7925e75667fc0d18b,2026-02-11,poc
Palestine,Mothers in the U.S. use crowdfunding tactics to help families in war-torn Gaza,npr.org,https://www.npr.org/2026/02/10/nx-s1-5701336/mothers-in-the-u-s-use-crowdfunding-tactics-to-help-families-in-war-torn-gaza,2026-02-10,poc
Palestine,Israeli drone strike kills 2 cyclists in Gaza as death toll mounts despite ceasefire,apnews.com,https://apnews.com/article/gaza-hamas-israel-war-2-10-2026-08acadd177a13e971de88c56b12d456f,2026-02-10,poc
Palestine,Soccer returns to Gaza pitch scarred by war and loss,reuters.com,https://www.reuters.com/world/middle-east/soccer-returns-gaza-pitch-scarred-by-war-loss-2026-02-10/,2026-02-10,poc
Palestine,Photos show an Israeli strike blowing up a Gaza building in split-second detail,apnews.com,https://apnews.com/photo-gallery/israel-airstrike-gaza-building-photos-d0ae11a47d36b88e2556e07ad600dd64,2026-02-06,poc
Palestine,Organizers say a new civilian-led aid flotilla with over 100 boats will sail to Gaza in March,apnews.com,https://apnews.com/article/global-sumud-flotilla-gaza-aid-mission-ce775ded494f4d7378c09267db7dddde,2026-02-05,poc
Palestine,Father mourns daughters killed by Israeli strike in Gaza,nbcnews.com,https://www.nbcnews.com/video/shorts/father-mourns-daughters-killed-by-israeli-strike-in-gaza-257203269971,2026-02-05,poc
Palestine,IMF says Israeli economy to rebound from Gaza war with 4.8% growth in 2026,reuters.com,https://www.reuters.com/world/imf-says-israeli-economy-rebound-gaza-war-with-48-growth-2026-2026-02-05/,2026-02-05,poc
Palestine,Grief-stricken father cries for daughters killed by Israeli missile in Gaza,nbcnews.com,https://www.nbcnews.com/video/israeli-missile-kills-two-sisters-in-gaza-leaves-father-in-grief-stricken-despair-257165893576,2026-02-04,poc
Palestine,"'My daughters are gone': Sisters, 10 and 12, killed by Israeli fire in Gaza",nbcnews.com,https://www.nbcnews.com/world/middle-east/israel-gaza-soldier-wounded-palestinians-killed-gunfire-soldiers-rcna257383,2026-02-04,poc
Palestine,"IDF says Gaza strikes hit terrorists, weapons facilities after ceasefire breach; hospitals report 30 killed",foxnews.com,https://www.foxnews.com/world/idf-says-gaza-strikes-hit-terrorists-weapons-facilities-after-ceasefire-breach-hospitals-report-30-killed,2026-01-31,poc
Palestine,"Israeli military reportedly acknowledges 70,000 killed in Gaza after previously casting doubt on health ministry’s count",cnn.com,https://www.cnn.com/2026/01/30/middleeast/israeli-military-gaza-killed-numbers-intl,2026-01-30,poc
Palestine,"Israel military reported to accept death toll of around 70,000 in Gaza",reuters.com,https://www.reuters.com/world/middle-east/israel-military-reported-accept-death-toll-around-70000-gaza-2026-01-30/,2026-01-30,poc
Palestine,Giant portrait of girl killed in Gaza war unfurled on Barcelona beach,reuters.com,https://www.reuters.com/world/middle-east/giant-portrait-girl-killed-gaza-war-unfurled-barcelona-beach-2026-01-29/,2026-01-29,poc
Palestine,Palestinians in the West Bank face a deepening economic crisis since the Gaza war,npr.org,https://www.npr.org/2026/01/26/nx-s1-5672355/palestinians-west-bank-economic-crisis,2026-01-26,poc
Palestine,Palestinians in the West Bank face a deepening economic crisis since the Gaza war,npr.org,https://www.npr.org/2026/01/26/nx-s1-5672355/palestinians-in-the-west-bank-face-a-deepening-economic-crisis-since-the-gaza-war,2026-01-26,poc
Palestine,Miles and worlds apart: two NPR reporters on covering the war in Gaza,npr.org,https://www.npr.org/2026/01/24/nx-s1-5686740/miles-and-worlds-apart-two-npr-reporters-on-covering-the-war-in-gaza,2026-01-24,poc
Palestine,Boys collecting firewood in Gaza killed by Israeli fire,cnn.com,https://www.cnn.com/2026/01/25/middleeast/gaza-teens-killed-intl,2026-01-25,poc
Palestine,An Israeli tech investor reflects on the war in Gaza,npr.org,https://www.npr.org/2026/01/23/nx-s1-5666249/an-israeli-tech-investor-reflects-on-the-war-in-gaza,2026-01-23,poc
Palestine,Jared Kushner lays out Trump-backed 'master plan' for post-war Gaza,abcnews.go.com,https://abcnews.go.com/Politics/jared-kushner-lays-trump-backed-master-plan-post/story?id=129461124,2026-01-22,poc
Palestine,Cameraman who worked for CBS News among 3 journalists killed in Gaza airstrike,cbsnews.com,https://www.cbsnews.com/video/cameraman-who-worked-for-cbs-news-among-3-journalists-killed-in-gaza-airstrike/,2026-01-21,poc
Palestine,"3 journalists killed in Israeli airstrike in Gaza, including cameraman who worked with CBS News",cbsnews.com,https://www.cbsnews.com/miami/news/journalists-killed-in-gaza-cameraman-cbs-news/,2026-01-21,poc
Palestine,"3 journalists killed in Israeli airstrike in Gaza, including cameraman who worked with CBS News",cbsnews.com,https://www.cbsnews.com/news/journalists-killed-in-gaza-cameraman-cbs-news/,2026-01-21,poc
Palestine,"Israeli strike in Gaza kills three journalists, first responders say",bbc.com,https://www.bbc.com/news/articles/c98pnzp50nqo?at_medium=RSS&at_campaign=rss,2026-01-21,poc
Palestine,Families of Israeli soldiers killed in Gaza are retreiving sperm from their bodies,npr.org,https://www.npr.org/2026/01/18/nx-s1-5658287/families-of-israeli-soldiers-killed-in-gaza-are-retreiving-sperm-from-their-bodies,2026-01-18,poc
Palestine,Senior Hamas figure killed in Israeli air strike in Gaza,reuters.com,https://www.reuters.com/world/middle-east/israeli-strikes-kill-five-gaza-say-local-health-authorities-2026-01-15/,2026-01-15,poc
Palestine,Palestine Action-linked protesters end their weeks-long UK hunger strike,cnn.com,https://www.cnn.com/2026/01/15/world/pro-palestinian-activists-end-their-hunger-strike,2026-01-15,poc
Palestine,Two Palestine Action protesters end 73-day hunger strike,bbc.com,https://www.bbc.com/news/articles/cwy1q98qyego?at_medium=RSS&at_campaign=rss,2026-01-15,poc
Palestine,"US expected to unveil post-war Gaza leadership, sources say",reuters.com,https://www.reuters.com/world/us/us-expected-unveil-post-war-gaza-leadership-sources-say-2026-01-14/,2026-01-14,poc
Palestine,4 killed in tent collapse in Gaza,cbsnews.com,https://www.cbsnews.com/chicago/video/4-killed-in-tent-collapse-in-gaza/,2026-01-13,poc
Palestine,Drone strike kills 3 in Gaza as Hamas prepares to transfer governance to new committee,apnews.com,https://apnews.com/article/gaza-israel-hamas-drone-strike-governance-f59c7e742149366e67549e7dd2e10309,2026-01-12,poc
Palestine,"Over 100 children killed in Gaza since ceasefire, UNICEF says",reuters.com,https://www.reuters.com/world/middle-east/over-100-children-killed-gaza-since-ceasefire-unicef-says-2026-01-13/,2026-01-13,poc
Palestine,Trump promised a Gaza endgame. Palestinians say they are still living the war,npr.org,https://www.npr.org/2026/01/11/nx-s1-5671285/trump-promised-a-gaza-endgame-palestinians-say-they-are-still-living-the-war,2026-01-11,poc
Palestine,"Eight people killed by Israeli air strikes, Gaza civil defence agency says",bbc.com,https://www.bbc.com/news/articles/c62wx8z5jd5o?at_medium=RSS&at_campaign=rss,2026-01-08,poc
Palestine,Relative of 11-year-old girl killed in Gaza says Israeli gunfire was responsible for her death,apnews.com,https://apnews.com/article/israel-gaza-ceasefire-deaths-ad9aca7bd2b62e98b4d9d19b81e80245,2026-01-08,poc
Palestine,5-year-old and her uncle killed in airstrike in Gaza as Israel says it targeted an imminent threat,apnews.com,https://apnews.com/article/gaza-israel-strike-girl-killed-ceasefire-lebanon-9707ef0fee755285bc466dd1cf285553,2026-01-05,poc
Palestine,A grandmother and her grandson burn to death in a Gaza tent; Angelina Jolie visits Rafah crossing,apnews.com,https://apnews.com/article/israel-palestinians-hamas-war-news-01-02-2026-301135cf2fd6a77cdbf22865e3cb4fe7,2026-01-02,poc
Palestine,Israeli podcast duo use platform to reflect on the war in Gaza,npr.org,https://www.npr.org/2026/01/02/nx-s1-5660689/israeli-podcast-duo-use-platform-to-reflect-on-the-war-in-gaza,2026-01-02,poc
Palestine,"After two years of war, some Israelis are moving to the Gaza border while others are refusing. Here’s why",cnn.com,https://www.cnn.com/2025/12/30/middleeast/israel-moving-to-the-gaza-border-heres-why-intl,2025-12-30,poc
Palestine,Palestinian Artists on Two Years of War in Gaza,nytimes.com,https://www.nytimes.com/interactive/2025/12/30/opinion/palestinians-gaza-war-artists.html,2025-12-30,poc
Palestine,A weekend of harsh winter weather brings more death and despair to people in Gaza,cnn.com,https://www.cnn.com/2025/12/28/middleeast/harsh-winter-weather-flooding-despair-gaza-intl,2025-12-28,poc
Palestine,Bethlehem celebrates Christmas for the first time since the war in Gaza began,npr.org,https://www.npr.org/2025/12/25/nx-s1-5648808/bethlehem-celebrates-christmas-for-the-first-time-since-the-war-in-gaza-began,2025-12-25,poc
Palestine,"Thousands attend Christmas tree lighting ceremony in Bethlehem, the first since war in Gaza began",cbsnews.com,https://www.cbsnews.com/newyork/news/bethlehem-christmas-tree-lighting-ceremony/,2025-12-24,poc
Palestine,Bethlehem celebrates Christmas after Israel Gaza war pause,usatoday.com,https://www.usatoday.com/story/news/world/2025/12/24/bethlehem-celebrates-christmas-israel-gaza-war/87910868007/,2025-12-24,poc
Palestine,Thousands flock to Bethlehem to revive Christmas spirit after 2 years of war in Gaza,abcnews.go.com,https://abcnews.go.com/International/wireStory/thousands-flock-bethlehem-revive-christmas-spirit-after-2-128675128,2025-12-24,poc
Palestine,"Thousands attend Christmas tree lighting ceremony in Bethlehem, the first since war in Gaza began",cbsnews.com,https://www.cbsnews.com/miami/news/bethlehem-christmas-tree-lighting-ceremony/,2025-12-24,poc
Palestine,"In Bethlehem, Christmas celebrations make a comeback after pause in Gaza war",nbcnews.com,https://www.nbcnews.com/world/middle-east/bethlehem-christmas-celebrations-comeback-pause-gaza-war-rcna250849,2025-12-24,poc
Palestine,"Thousands attend Christmas tree lighting ceremony in Bethlehem, the first since war in Gaza began",cbsnews.com,https://www.cbsnews.com/texas/news/bethlehem-christmas-tree-lighting-ceremony/,2025-12-24,poc
Palestine,"Thousands attend Christmas tree lighting ceremony in Bethlehem, the first since war in Gaza began",cbsnews.com,https://www.cbsnews.com/news/bethlehem-christmas-tree-lighting-ceremony/,2025-12-24,poc
Palestine,Thousands flock to Bethlehem to revive Christmas spirit after 2 years of war in Gaza,apnews.com,https://apnews.com/article/christmas-bethlehem-christians-war-israel-gaza-tourism-ffa3e7842d1843899d580322d97a7e9c,2025-12-24,poc
Palestine,Filmed in Gaza: Two NBC News journalists on what it is like to cover the Israel-Hamas war from inside Gaza,nbcnews.com,https://www.nbcnews.com/video/filmed-in-gaza-two-nbc-news-journalists-on-what-it-is-like-to-cover-the-israel-hamas-war-from-inside-gaza-254754885889,2025-12-19,poc
Palestine,Israel-Gaza live updates: IDF says strike killed Hezbollah member in south Lebanon,abcnews.go.com,https://abcnews.go.com/International/live-updates/israel-gaza-live-updates-idf-strike-kills-1?id=128612306,2025-12-22,poc
Palestine,Israel-Gaza live updates: IDF strike kills 1 person in south Lebanon,abcnews.go.com,https://abcnews.go.com/International/live-updates/israel-gaza-live-updates-idf-strike-kills-1/?id=128612306,2025-12-22,poc
Palestine,‘We are still here.’ Catholic patriarch leads Christmas Mass at Gaza church bombed by Israel during the war,cnn.com,https://www.cnn.com/2025/12/21/middleeast/catholic-patriarch-gaza-church-christmas-mass-intl,2025-12-21,poc
Palestine,"Israeli attack on school shelter in Gaza City kills 5 Palestinians, hospital chief says",reuters.com,https://www.reuters.com/world/middle-east/israeli-attack-school-shelter-gaza-city-kills-5-palestinians-hospital-chief-says-2025-12-19/,2025-12-19,poc
Palestine,"After years of war, Palestinians in Gaza bring back Christmas celebrations",npr.org,https://www.npr.org/2025/12/19/nx-s1-5648218/after-years-of-war-palestinians-in-gaza-bring-back-christmas-celebrations,2025-12-19,poc
Palestine,At least 17 killed in Gaza storms and flooding,cnn.com,https://www.cnn.com/2025/12/18/world/video/gaza-flooding-altaweel-church-intv-121802aseg2-cnn-world-fast,2025-12-18,poc
Palestine,Palestine Action: Two protesters awaiting trial end hunger strike,bbc.com,https://www.bbc.com/news/articles/c4g98pqxvzjo?at_medium=RSS&at_campaign=rss,2025-12-17,poc
Palestine,Gaza families struggle to recover from days of torrential rains that killed 12 people,apnews.com,https://apnews.com/article/israel-hamas-gaza-war-news-16-12-2025-32f41cd1cbc8e144ec6bd9cb02cf49b2,2025-12-16,poc
Palestine,ICC rejects Israeli bid to halt Gaza war investigation,reuters.com,https://www.reuters.com/world/middle-east/icc-rejects-israeli-bid-halt-gaza-war-investigation-2025-12-15/,2025-12-15,poc
Palestine,Hamas confirms death of senior commander killed in Israel strike on Gaza,cbsnews.com,https://www.cbsnews.com/texas/news/israel-military-hamas-raed-saad-gaza/,2025-12-13,poc
Palestine,Hamas confirms the death of a top commander in Gaza after Israeli strike,apnews.com,https://apnews.com/article/gaza-israel-palestinians-hamas-war-4be8ae23987f59c3db968311cb5fc06f,2025-12-14,poc
Palestine,Israel's military says it killed senior Hamas commander in Gaza,cbsnews.com,https://www.cbsnews.com/news/israel-military-hamas-raed-saad-gaza/,2025-12-13,poc
Palestine,Israel says it has killed a top Hamas commander in Gaza,apnews.com,https://apnews.com/article/gaza-israel-palestinians-hamas-war-618c7499c626af446d23788d237a85bf,2025-12-13,poc
Palestine,Israel targets senior Hamas official in deadly Gaza strike,bbc.com,https://www.bbc.com/news/articles/cx2dklj3rxvo?at_medium=RSS&at_campaign=rss,2025-12-13,poc
Palestine,"Israel kills senior Hamas commander, Raed Saed, in Gaza strike- Israeli media say",reuters.com,https://www.reuters.com/world/middle-east/israeli-military-says-it-has-targeted-key-hamas-terrorist-gaza-city-2025-12-13/,2025-12-13,poc
Palestine,Torrential rain brings more death and destruction to war-battered Gaza,nbcnews.com,https://www.nbcnews.com/world/gaza/torrential-rain-death-destruction-war-battered-gaza-rcna248824,2025-12-12,poc
Palestine,Videos show 6 Israeli hostages celebrating Hanukkah in Gaza tunnel months before they were killed,cnn.com,https://www.cnn.com/2025/12/11/middleeast/hanukkah-israeli-hostages-gaza-tunnel-latam-intl,2025-12-11,poc
Palestine,"After 2 years of war in Gaza, universities begin to reopen, offering hope",abcnews.go.com,https://abcnews.go.com/International/after-2-years-war-gaza-universities-begin-reopen/story?id=128110057,2025-12-10,poc
Palestine,Bolivia and Israel restore ties severed over the war in Gaza,apnews.com,https://apnews.com/article/bolivia-israel-rodrigo-paz-gideon-saar-evo-morales-gaza-8482c0d13b2d3b571378ae48f33693c2,2025-12-09,poc
Palestine,"Three-year-old girl killed in Gaza by Israeli forces, local sources say",bbc.com,https://www.bbc.com/news/articles/cqxqz4227x7o?at_medium=RSS&at_campaign=rss,2025-12-08,poc
Palestine,Bill Maher clashes with progressive commentator over Israel's war in Gaza,foxnews.com,https://www.foxnews.com/media/bill-maher-clashes-progressive-commentator-over-israels-war-gaza,2025-12-08,poc
